KABQ,I03,ABQ,08000
KABQ,I08,ABQ,08000
KATL,I08L,TROYS,03500
KATL,I08R,TROYS,03500
KATL,I09L,CONNI,04000
KATL,I09R,CONNI,04000
KATL,I10,SCARR,03000
KATL,I26L,TROYS,03500
KATL,I26R,TROYS,03500
KATL,I27L,TEMPO,04000
KATL,I27R,TEMPO,04000
KATL,I28,SCARR,03000
KBDL,I06,PENNA,03000
KBDL,I06,BAF,04000
KBDL,I06-C,BAF,04000
KBDL,I24,KIBBE,03000
KBDL,I24,HFD,04000
KBDL,I33,HADUX,02500
KBDL,I33,BAF,04000
KBOI,I10RY,JIMMI,05000
KBOI,I10RY,BOI,06000
KBOI,I28R,ATTOL,06000
KBOS,I04R,WAXEN,03000
KBOS,I15R,CELTS,03000
KBOS,I22L,WINNI,03000
KBOS,I27,BOSOX,03000
KBOS,I33L,WAXEN,03000
KBUR,I08-Y,SILEX,04000
KBUR,I08-Y,VTU,04600
KBUR,I08-Z,SILEX,04000
KBUR,I08-Z,VTU,04600
KBWI,I10,HURTZ,02500
KBWI,I15L,DUDDS,02500
KBWI,I15R,DATED,02600
KBWI,I28,COLUM,02500
KBWI,I33L,DATED,02600
KBWI,I33R,KRENE,03000
KCLE,I06L,PASLE,03000
KCLE,I06R,NEIIL,03100
KCLE,I24L,SAROW,03000
KCLE,I24R,DJB,03000
KCLE,I28,DJB,03000
KCLT,I05,ATELL,04000
KCLT,I18C,DENNE,03000
KCLT,I18L,LOCAS,04000
KCLT,I18R,STULL,04000
KCLT,I23,KECKS,04000
KCLT,I36C,TOMME,03000
KCLT,I36L,BUDKE,04000
KCLT,I36R,LOCAS,04000
KCVG,I09,CALIF,03000
KCVG,I18C,ZIRKE,03000
KCVG,I18L,CALIF,03000
KCVG,I18R,AVIEW,03000
KCVG,I27,AVIEW,03000
KCVG,I36C,NEATS,03000
KCVG,I36L,JADRO,03000
KCVG,I36R,MOAKS,03000
KDCA,I01,GTN,02200
KDEN,I07,SIGNE,11000
KDEN,I08,WITNE,10000
KDEN,I16L,BREWS,12000
KDEN,I16R,BREWS,12000
KDEN,I17L,LIMEX,10000
KDEN,I17R,HOHUM,10000
KDEN,I25,HYGEN,10000
KDEN,I26,CEDUK,09000
KDEN,I34L,HYGEN,10000
KDEN,I34R,HYGEN,10000
KDEN,I35L,GLL,10000
KDEN,I35R,CEDUK,10000
KDFW,I13R,SLOTT,03000
KDFW,I17C,JASPA,04000
KDFW,I17L,TACKE,03000
KDFW,I17R,JASPA,04000
KDFW,I18L,LIKES,03000
KDFW,I18R,LIKES,03000
KDFW,I31R,SOLDO,03000
KDFW,I35C,BOSSI,03000
KDFW,I35L,BOSSI,03000
KDFW,I35R,PERSN,03000
KDFW,I36L,KAGLE,03000
KDFW,I36R,KAGLE,03000
KDTW,I03R,GAAGE,04000
KDTW,I04LY,DOHNT,04000
KDTW,I04LZ,DOHNT,04000
KDTW,I04R,LUPAY,04000
KDTW,I21L,GAAGE,04000
KDTW,I22L,CRL,04000
KDTW,I22RY,DOHNT,04000
KDTW,I22RZ,DOHNT,04000
KDTW,I27L,CRL,04000
KDTW,I27R,KUPNE,04000
KEWR,I04L,TEB,02500
KEWR,I04LC,TEB,02500
KEWR,I04R,TEB,02500
KEWR,I11,COL,03000
KEWR,I22L,KILMA,03000
KEWR,I22R,KILMA,03000
KGYY,I30,CGT,02400
KHPN,I16,CZIMR,02100
KHPN,I16,HAARP,03000
KHPN,I34,CMK,02300
KIAD,I01C,FDK,03000
KIAD,I01L,OLIVR,05000
KIAD,I01R,BLITZ,03000
KIAD,I12,OLIVR,05000
KIAD,I19C,ERACE,03000
KIAD,I19L,ASPER,03000
KIAD,I19R,OLIVR,05000
KIAH,I08L,CLEEP,04000
KIAH,I08R,MKAYE,03000
KIAH,I09,JEBOX,03000
KIAH,I15R,COSBI,02000
KIAH,I26L,LUCEP,03000
KIAH,I26R,PEPBI,03000
KIAH,I27,TICOY,03000
KIAH,I33R,GOMER,02000
KISP,I06,YOSUR,01600
KISP,I06,CCC,02000
KISP,I24,CCC,02000
KJAX,I08,MONIA,03000
KJAX,I14,CRG,03000
KJAX,I26,JA,03000
KJFK,I04L,DUFFY,03000
KJFK,I04R,DPK,04000
KJFK,I13L,DPK,04000
KJFK,I22L,CHANT,03000
KJFK,I22R,CHANT,04000
KJFK,I31L,CHANT,03000
KJFK,I31R,COL,04000
KLAS,I01L,BLD,07000
KLAS,I26L,BLD,07000
KLAS,I26R,BLD,06000
KLAX,I06L,AMTRA,03000
KLAX,I06R,AMTRA,03000
KLAX,I07L,DOWNE,03000
KLAX,I07R,DOWNE,03000
KLAX,I24L,RAFFS,02000
KLAX,I24R,RAFFS,02000
KLAX,I25L,CATLY,02000
KLAX,I25R,CATLY,02000
KLGA,I04,GREKO,02000
KLGA,I13,GREKO,02000
KLGA,I22,PROUD,03000
KLGB,I30,GUNEY,01600
KLGB,I30,PADDR,03000
KMCO,I17L,PRESK,03000
KMCO,I17R,NOGGI,03000
KMCO,I18R,CAMBE,04000
KMCO,I35L,OVIDO,03000
KMCO,I35R,PRESK,03000
KMCO,I36R,DNMOR,03000
KMDW,I04R,EON,02600
KMDW,I13C,EON,02600
KMDW,I31C,EON,02600
KMEM,I09,KEEZE,05000
KMEM,I18C,KEEZE,05000
KMEM,I18L,KEEZE,05000
KMEM,I18R,JEPOB,05000
KMEM,I27,COVIM,03000
KMEM,I27,GOWRI,05000
KMEM,I36C,LAURI,03000
KMEM,I36L,KALIE,05000
KMEM,I36R,OROCU,05000
KMHT,I06,KHRIS,03000
KMHT,I17,MHT,02000
KMHT,I35,SCOOP,03500
KMIA,I08R,KROM,03000
KMIA,I08R,BRBRA,03000
KMIA,I09,VKZ,03000
KMIA,I12,GLRI,03000
KMIA,I12,VKZ,03000
KMIA,I26L,BRBRA,02000
KMIA,I27,DHP,03000
KMIA,I30,BRBRA,02000
KMSP,I12L,KANAC,03000
KMSP,I12R,FGT,03000
KMSP,I30L,WOXEB,03000
KMSP,I30R,GEP,03000
KMSP,I35-Z,LYDIA,03000
KOAK,I12,DECOT,05100
KOAK,I28R,REBAS,03000
KOAK,I30,SAU,04000
KONT,I08L,JALOT,04000
KONT,I08L,WISUP,04000
KONT,I26L,PDZ,04000
KONT,I26R,PDZ,04000
KPBI,I10L,WILBA,03000
KPBI,I10L,LANCH,02000
KPBI,I28R,CUPED,03000
KPBI,I28R,MORGA,02000
KPDK,I21L,AABEE,03000
KPDK,I21L,BAPPY,04000
KPDX,I10L,BTG,04200
KPDX,I10R,MULES,05000
KPDX,I28L,UBG,04000
KPDX,I28R,NACIY,03700
KPDX,I28R,BTG,04200
KPHL,I09L,OOD,03000
KPHL,I09RZ,OOD,03000
KPHL,I17-Z,JEPUG,03000
KPHL,I26,PTW,03000
KPHL,I27L,OOD,03000
KPHL,I27R,MXE,03000
KPHX,I07L,PXR,05000
KPHX,I07R,POPKE,05000
KPHX,I08,AVENT,05000
KPHX,I25L,POPKE,05000
KPHX,I26,AVENT,05000
KPIT,I10L,STOWI,04000
KPIT,I10L,EWC,04000
KPIT,I10R,MUFTI,05000
KPIT,I10R,AGC,05000
KPIT,I28L,COSLU,04000
KPIT,I28L,HLG,04000
KPIT,I28R,KERRS,05000
KPIT,I28R,EWC,05000
KPIT,I32,EWC,04000
KSAN,I09-Y,CAPUS,05000
KSAN,I09-Z,CAPUS,05000
KSDF,I17L,TORAC,04000
KSDF,I17R,NADDI,03000
KSDF,I35L,DAMEN,03000
KSDF,I35R,TORAC,04000
KSFO,I19L,DUMBA,03000
KSFO,I28L,OLYMM,04000
KSFO,I28R,VIKYU,03000
KSJC,I12R,GILRO,04000
KSJC,I30L,SUNNE,01900
KSLC,I16L,FFU,10000
KSLC,I16R,STACO,08100
KSLC,I17,FFU,10000
KSLC,I34L,STACO,08100
KSLC,I34R,OGD,09000
KSNA,I20R,SAGER,03500
KSTL,I06,ST,03000
KSTL,I11,IMPER,03000
KSTL,I12L,TOY,03000
KSTL,I12R,FONTI,05000
KSTL,I24,FTZ,03000
KSTL,I29,HULSO,03000
KSTL,I30L,LM,03000
KSTL,I30R,FASHE,03000
KSWF,I09,SW,02300
KSWF,I09,IGN,03000
KSWF,I27,IGN,03000
KTEB,I19,MORNS,03000
KTPA,I01L,LAGOO,02600
KTPA,I01L,PIE,03000
KTPA,I19L,GIBBS,02800
KTPA,I19R,MERR,03000
KTPA,I19R,PIE,03000
KVGT,I12L,LAS,06000
PHNL,I08L,ALANA,05000
PANC,I07L,JUKEP,02500
PANC,I07R,JUKEP,02500
PANC,I15,JUKEP,02500
KORD,I04R,LAIRD,04000
KORD,I09L,OBK,04000
KORD,I09R,GRABL,04000
KORD,I10C,CGT,04000
KORD,I10L,CGT,04000
KORD,I10RY,DPA,04000
KORD,I10RZ,DPA,04000
KORD,I22L,CGT,04000
KORD,I22R,DPA,04000
KORD,I27L,UKUNE,04000
KORD,I27R,OBK,04000
KORD,I28C,DPA,04000
KORD,I28L,CGT,04000
KORD,I28R,DPA,04000
KPVD,I05,FOSTY,02500
KPVD,I23,FOSTY,02500
KPVD,I34,BEVIN,02000
KPVD,I34,FOSTY,02500
KSEA,I16C,MILLT,05000
KSEA,I16L,MILLT,05000
KSEA,I16R,ZERLI,05000
KSEA,I34C,MGNUM,05000
KSEA,I34L,LOFAL,05000
KSEA,I34R,MGNUM,05000
KDAL,I13LY,DUMPY,03000
KDAL,I13RY,TACKE,03000
KDAL,I31L,TADDI,04000
KDAL,I31R,FINGR,05000
